<?xml version="1.0" encoding="UTF-8"?>
<!-- p6sha -->
<CGrassScalingParams_AllLODs>
  <AllLods>
    <Item>
      <distanceMultiplier value="0.000000" />
      <densityMultiplier value="0.000000" />
    </Item>
    <Item>
      <distanceMultiplier value="0.000000" />
      <densityMultiplier value="0.000000" />
    </Item>
    <Item>
      <distanceMultiplier value="0.000000" />
      <densityMultiplier value="0.000000" />
    </Item>
  </AllLods>
</CGrassScalingParams_AllLODs>
<!-- p6sha -->