<?xml version="1.0" encoding="UTF-8"?>
<!-- p6sha --> <!-- discord.gg/cltrfivem -->
<HBAO_Parameters>
  <HBAORelativeStrength value="50.000000" />
  <CPRelativeStrength value="1.700000" />
  <HBAORadius0 value="0.100000" />
  <HBAORadius1 value="1.300000" />
  <HBAOBlendDistance value="50.000000" />
  <CPRadius value="2.000000" />
  <MaxPixels value="60.000000" />
  <CutoffPixels value="1.000000" />
  <FoliageStrength value="1.500000" />
  <HBAOFalloffExponent value="7.000000" />
  <CPStrengthClose value="0.500000" />
  <CPBlendDistanceMin value="0.000000" />
  <CPBlendDistanceMax value="200.000000" />
</HBAO_Parameters>